Drug_Category,CCG_Region,Total_Items,Total_Cost,Average_Items
Antidepressants,"NHS HAMPSHIRE, SOUTHAMPTON AND ISLE OF WIGHT",13408567,40762672.67,223476.11666666667
Antidepressants,NHS KENT AND MEDWAY,13325409,34790117.81,222090.15
Antidepressants,NHS NORFOLK AND WAVENEY,11126487,25993125.01,185441.45
Antidepressants,NHS DEVON,10406513,26084466.96,173441.88333333333
Antidepressants,NHS NORTH EAST LONDON,9846414,22324161.53,164106.9
Antidepressants,NHS NORTH WEST LONDON,9511558,23141210.46,158525.96666666667
Antidepressants,NHS DERBY AND DERBYSHIRE,8848202,20592915.96,147470.03333333333
Antidepressants,NHS BLACK COUNTRY,8738187,21553938.05,145636.45
Antidepressants,NHS LINCOLNSHIRE,8593067,19441986.64,143217.78333333333
Antidepressants,NHS NOTTINGHAM AND NOTTINGHAMSHIRE,8587618,20052921.48,143126.96666666667
Antidepressants,NHS TEES VALLEY,8317415,17014707.4,138623.58333333334
Antidepressants,NHS BIRMINGHAM AND SOLIHULL,8270038,20799351.26,137833.96666666667
Antidepressants,NHS SOUTH EAST LONDON,8171074,21557324.74,136184.56666666668
Antidepressants,NHS CAMBRIDGESHIRE AND PETERBOROUGH,7743158,16890780.03,129052.63333333333
Antidepressants,NHS COUNTY DURHAM,7631219,14151205.36,127186.98333333334
Antidepressants,NHS SOUTH WEST LONDON,7522634,18900224.37,125377.23333333334
Antidepressants,NHS NORTH CENTRAL LONDON,7415591,19605704.06,123593.18333333333
Antidepressants,NHS COVENTRY AND WARWICKSHIRE,7397042,18436078.26,123284.03333333334
Antidepressants,"NHS BATH AND NORTH EAST SOMERSET, SWINDON AND WILTSHIRE",7326238,16929572.46,122103.96666666666
Antidepressants,NHS NORTHAMPTONSHIRE,6699643,13946448.6,111660.71666666666
Antidepressants,NHS CHESHIRE,6648276,14293859.87,110804.6
Antidepressants,"NHS BRISTOL, NORTH SOMERSET AND SOUTH GLOUCESTERSHIRE",6532259,16635177.55,108870.98333333334
Antidepressants,NHS LEEDS,6219370,14740237.34,103656.16666666667
Antidepressants,NHS DORSET,6205721,16643660.16,103428.68333333333
Antidepressants,NHS NEWCASTLE GATESHEAD,6176594,11289925.47,102943.23333333334
Antidepressants,NHS WEST SUSSEX,6117830,18310237.2,101963.83333333333
Antidepressants,NHS HEREFORDSHIRE AND WORCESTERSHIRE,6112970,15305880.43,101882.83333333333
Antidepressants,NHS SURREY HEARTLANDS,6106127,20627228.81,101768.78333333334
Antidepressants,"NHS BEDFORDSHIRE, LUTON AND MILTON KEYNES",5855844,14038086.24,97597.4
Antidepressants,NHS SHEFFIELD,5608953,10788220.58,93482.55
Antidepressants,NHS GLOUCESTERSHIRE,5602183,13219011.39,93369.71666666666
Antidepressants,NHS CORNWALL AND THE ISLES OF SCILLY,5548208,13645224.91,92470.13333333333
Antidepressants,NHS MANCHESTER,5371232,11735102.13,89520.53333333334
Antidepressants,NHS LIVERPOOL,5285659,12350458.48,88094.31666666667
Antidepressants,NHS BRADFORD DISTRICT AND CRAVEN,4843584,10725337.16,80726.4
Antidepressants,NHS OXFORDSHIRE,4780433,13220350.65,79673.88333333333
Antidepressants,NHS EAST SUSSEX,4491818,12944815.39,74863.63333333333
Antidepressants,NHS NORTH YORKSHIRE,4472942,9875856.63,74549.03333333334
Antidepressants,NHS SOMERSET,4297097,10738862.01,71618.28333333334
Antidepressants,NHS SUNDERLAND,4279083,6982292.89,71318.05
Antidepressants,NHS EAST AND NORTH HERTFORDSHIRE,4222296,10744685.68,70371.6
Antidepressants,NHS IPSWICH AND EAST SUFFOLK,3834771,9346476.98,63912.85
Antidepressants,NHS NORTHUMBERLAND,3812278,7621863.91,63537.96666666667
Antidepressants,NHS NORTH EAST ESSEX,3735118,8593303.78,62251.96666666667
Antidepressants,"NHS SHROPSHIRE, TELFORD AND WREKIN",3685479,9933000.9,61424.65
Antidepressants,NHS KIRKLEES,3597149,8485993.8,59952.48333333333
Antidepressants,NHS WAKEFIELD,3531448,8432445.79,58857.46666666667
Antidepressants,NHS WIRRAL,3472454,7970581.92,57874.23333333333
Antidepressants,NHS MID ESSEX,3463160,7574171.88,57719.333333333336
Antidepressants,NHS HERTS VALLEYS,3391869,8735740.99,56531.15
Antidepressants,NHS WEST LEICESTERSHIRE,3353287,8059872.0,55888.11666666667
Antidepressants,NHS BARNSLEY,3295816,5618326.45,54930.26666666667
Antidepressants,NHS EAST LANCASHIRE,3294018,6648946.13,54900.3
Antidepressants,NHS DONCASTER,3205635,6210090.85,53427.25
Antidepressants,NHS WIGAN BOROUGH,3196331,7836199.22,53272.183333333334
Antidepressants,NHS NORTH CUMBRIA,3138302,6456837.7,52305.03333333333
Antidepressants,NHS BERKSHIRE WEST,3063557,9757250.21,51059.28333333333
Antidepressants,NHS MORECAMBE BAY,2999707,6925729.61,49995.11666666667
Antidepressants,NHS HULL,2947783,5221869.72,49129.71666666667
Antidepressants,NHS SALFORD,2916864,5560638.95,48614.4
Antidepressants,NHS STOCKPORT,2835412,6422647.02,47256.86666666667
Antidepressants,NHS EAST RIDING OF YORKSHIRE,2816969,6070950.23,46949.48333333333
Antidepressants,NHS BUCKINGHAMSHIRE,2798880,8539509.52,46648.0
Antidepressants,NHS WEST SUFFOLK,2782741,6096450.84,46379.01666666667
Antidepressants,NHS ROTHERHAM,2707444,5517838.74,45124.066666666666
Antidepressants,NHS STOKE ON TRENT,2635035,5756430.9,43917.25
Antidepressants,NHS NORTH TYNESIDE,2588067,4955753.76,43134.45
Antidepressants,NHS BOLTON,2555501,5758984.3,42591.683333333334
Antidepressants,NHS EAST LEICESTERSHIRE AND RUTLAND,2465066,6732741.6,41084.433333333334
Antidepressants,NHS LEICESTER CITY,2422027,5419498.57,40367.11666666667
Antidepressants,NHS BRIGHTON AND HOVE,2334698,6677336.42,38911.63333333333
Antidepressants,NHS WEST ESSEX,2238827,5439971.19,37313.78333333333
Antidepressants,NHS ST HELENS,2214033,5072686.72,36900.55
Antidepressants,NHS BLACKPOOL,2163305,4223713.71,36055.083333333336
Antidepressants,NHS TAMESIDE AND GLOSSOP,2134214,4272899.73,35570.23333333333
Antidepressants,NHS SOUTH TYNESIDE,2043203,3639195.62,34053.38333333333
Antidepressants,NHS THAMES VALLEY ICB - U2G6B,2022494,6004827.24,33708.23333333333
Antidepressants,"NHS HEYWOOD, MIDDLETON AND ROCHDALE",2018911,4526078.02,33648.51666666667
Antidepressants,NHS OLDHAM,2015703,4399029.71,33595.05
Antidepressants,NHS NORTH STAFFORDSHIRE,1995134,4695025.01,33252.23333333333
Antidepressants,NHS CALDERDALE,1958139,4092571.43,32635.65
Antidepressants,NHS TRAFFORD,1948120,4780189.87,32468.666666666668
Antidepressants,NHS FYLDE AND WYRE,1874062,3821918.35,31234.366666666665
Antidepressants,NHS NORTH LINCOLNSHIRE,1848570,3637260.4,30809.5
Antidepressants,NHS KNOWSLEY,1800424,3952577.63,30007.066666666666
Antidepressants,NHS BASILDON AND BRENTWOOD,1775441,4959315.51,29590.683333333334
Antidepressants,NHS GREATER PRESTON,1764920,3785800.58,29415.333333333332
Antidepressants,NHS VALE OF YORK,1728897,3923400.31,28814.95
Antidepressants,NHS PORTSMOUTH,1718980,4390770.91,28649.666666666668
Antidepressants,NHS WARRINGTON,1696048,4648307.8,28267.466666666667
Antidepressants,NHS SOUTH SEFTON,1611243,3688006.34,26854.05
Antidepressants,NHS BURY,1603798,4252958.72,26729.966666666667
Antidepressants,NHS SOUTH EAST STAFFORDSHIRE AND SEISDON PENINSULA,1597723,3843504.7,26628.716666666667
Antidepressants,NHS NORTH EAST LINCOLNSHIRE,1570614,2872104.68,26176.9
Antidepressants,NHS CHORLEY AND SOUTH RIBBLE,1548391,3943564.1,25806.516666666666
Antidepressants,NHS BLACKBURN WITH DARWEN,1410485,2811056.14,23508.083333333332
Antidepressants,NHS SOUTHEND,1408565,3917847.79,23476.083333333332
Antidepressants,NHS HALTON,1304545,3224455.22,21742.416666666668
Antidepressants,NHS BASSETLAW,1301577,2606849.08,21692.95
Antidepressants,NHS CASTLE POINT AND ROCHFORD,1247753,3713443.45,20795.883333333335
Antidepressants,NHS THURROCK,1146585,2595672.99,19109.75
Antidepressants,NHS CANNOCK CHASE,1145949,2843160.36,19099.15
Antidepressants,NHS SOUTHPORT AND FORMBY,1126523,2808177.02,18775.383333333335
Antidepressants,NHS STAFFORD AND SURROUNDS,1126303,2706626.59,18771.716666666667
Antidepressants,NHS EAST STAFFORDSHIRE,1038913,2520389.48,17315.216666666667
Antidepressants,NHS WEST LANCASHIRE,907659,2223885.81,15127.65
Antidepressants,NHS FRIMLEY,135200,414312.62,2253.3333333333335
Antidepressants,NHS MEDWAY,0,0.0,0.0
Anxiolytics,NHS DEVON,831693,2078704.32,13861.55
Anxiolytics,NHS NORFOLK AND WAVENEY,814852,1870589.64,13580.866666666667
Anxiolytics,NHS KENT AND MEDWAY,772482,2627992.4699999997,12874.7
Anxiolytics,"NHS HAMPSHIRE, SOUTHAMPTON AND ISLE OF WIGHT",720396,2657962.08,12006.6
Anxiolytics,NHS DERBY AND DERBYSHIRE,713475,1777050.76,11891.25
Anxiolytics,NHS NORTH WEST LONDON,702131,1754455.07,11702.183333333332
Anxiolytics,NHS BLACK COUNTRY,603215,2783478.05,10053.583333333334
Anxiolytics,NHS BIRMINGHAM AND SOLIHULL,582189,2182264.56,9703.15
Anxiolytics,NHS LINCOLNSHIRE,551936,1942136.16,9198.933333333332
Anxiolytics,NHS NORTH CENTRAL LONDON,542263,1436479.42,9037.716666666667
Anxiolytics,"NHS BATH AND NORTH EAST SOMERSET, SWINDON AND WILTSHIRE",533446,1012907.15,8890.766666666666
Anxiolytics,"NHS BRISTOL, NORTH SOMERSET AND SOUTH GLOUCESTERSHIRE",522143,1252619.31,8702.383333333333
Anxiolytics,NHS SOUTH WEST LONDON,521784,1242808.8,8696.4
Anxiolytics,NHS SURREY HEARTLANDS,513976,1858429.77,8566.266666666666
Anxiolytics,NHS HEREFORDSHIRE AND WORCESTERSHIRE,486254,1484425.61,8104.233333333334
Anxiolytics,NHS COVENTRY AND WARWICKSHIRE,480624,1866569.27,8010.4
Anxiolytics,NHS NORTH EAST LONDON,476532,1357220.6,7942.2
Anxiolytics,NHS GLOUCESTERSHIRE,463398,1146220.62,7723.3
Anxiolytics,NHS LIVERPOOL,449398,1541182.39,7489.966666666666
Anxiolytics,NHS DORSET,442227,1001424.56,7370.45
Anxiolytics,NHS EAST SUSSEX,430055,1348197.31,7167.583333333333
Anxiolytics,NHS CORNWALL AND THE ISLES OF SCILLY,409440,787720.89,6824.0
Anxiolytics,NHS CAMBRIDGESHIRE AND PETERBOROUGH,405344,1115730.69,6755.733333333334
Anxiolytics,"NHS BEDFORDSHIRE, LUTON AND MILTON KEYNES",398458,1248133.91,6640.966666666666
Anxiolytics,NHS SOUTH EAST LONDON,396771,1016827.91,6612.85
Anxiolytics,NHS NOTTINGHAM AND NOTTINGHAMSHIRE,381611,1341489.28,6360.183333333333
Anxiolytics,NHS WEST SUSSEX,381575,1158001.77,6359.583333333333
Anxiolytics,NHS NORTHAMPTONSHIRE,378505,898524.15,6308.416666666667
Anxiolytics,NHS CHESHIRE,364158,1360372.69,6069.3
Anxiolytics,NHS SOMERSET,332489,1124529.07,5541.483333333334
Anxiolytics,NHS SHEFFIELD,318993,849079.61,5316.55
Anxiolytics,NHS MANCHESTER,318896,917687.21,5314.933333333333
Anxiolytics,NHS TEES VALLEY,303688,1274714.62,5061.466666666666
Anxiolytics,NHS NORTH EAST ESSEX,302542,832441.71,5042.366666666667
Anxiolytics,NHS WIRRAL,268577,837511.93,4476.283333333334
Anxiolytics,NHS BRIGHTON AND HOVE,260624,456395.87,4343.733333333334
Anxiolytics,"NHS SHROPSHIRE, TELFORD AND WREKIN",260173,1119047.66,4336.216666666666
Anxiolytics,NHS WEST LEICESTERSHIRE,259186,830330.31,4319.766666666666
Anxiolytics,NHS NEWCASTLE GATESHEAD,258905,816256.7,4315.083333333333
Anxiolytics,NHS BRADFORD DISTRICT AND CRAVEN,252755,1147166.67,4212.583333333333
Anxiolytics,NHS COUNTY DURHAM,251741,769723.28,4195.683333333333
Anxiolytics,NHS ST HELENS,247080,1154498.68,4118.0
Anxiolytics,NHS LEEDS,246628,857484.93,4110.466666666666
Anxiolytics,NHS EAST AND NORTH HERTFORDSHIRE,242557,714912.12,4042.616666666667
Anxiolytics,NHS NORTH YORKSHIRE,220837,677724.02,3680.616666666667
Anxiolytics,NHS OXFORDSHIRE,218595,1043964.05,3643.25
Anxiolytics,NHS HERTS VALLEYS,216817,758980.51,3613.616666666667
Anxiolytics,NHS IPSWICH AND EAST SUFFOLK,214723,540816.77,3578.7166666666667
Anxiolytics,NHS MID ESSEX,209684,611059.25,3494.733333333333
Anxiolytics,NHS KIRKLEES,206328,754532.9,3438.8
Anxiolytics,NHS LEICESTER CITY,196279,748816.0,3271.3166666666666
Anxiolytics,NHS WAKEFIELD,187134,817288.53,3118.9
Anxiolytics,NHS STOCKPORT,181775,589828.99,3029.5833333333335
Anxiolytics,NHS BARNSLEY,176578,742212.02,2942.9666666666667
Anxiolytics,NHS WIGAN BOROUGH,175228,978724.4,2920.4666666666667
Anxiolytics,NHS EAST LEICESTERSHIRE AND RUTLAND,173292,634434.8,2888.2
Anxiolytics,NHS BUCKINGHAMSHIRE,172362,712308.84,2872.7
Anxiolytics,NHS MORECAMBE BAY,159588,600992.49,2659.8
Anxiolytics,NHS TAMESIDE AND GLOSSOP,156493,458390.68,2608.2166666666667
Anxiolytics,NHS STOKE ON TRENT,153009,539184.93,2550.15
Anxiolytics,NHS NORTHUMBERLAND,145837,518180.45,2430.616666666667
Anxiolytics,NHS EAST LANCASHIRE,144852,1037665.35,2414.2
Anxiolytics,NHS BERKSHIRE WEST,143694,491855.95,2394.9
Anxiolytics,NHS SOUTH SEFTON,137188,618987.59,2286.4666666666667
Anxiolytics,NHS THAMES VALLEY ICB - U2G6B,135611,652560.32,2260.1833333333334
Anxiolytics,NHS WARRINGTON,131621,741488.86,2193.6833333333334
Anxiolytics,NHS KNOWSLEY,128674,539743.5,2144.5666666666666
Anxiolytics,NHS ROTHERHAM,126575,472461.77,2109.5833333333335
Anxiolytics,NHS SUNDERLAND,123702,344759.63,2061.7
Anxiolytics,NHS NORTH STAFFORDSHIRE,123197,534956.59,2053.2833333333333
Anxiolytics,NHS WEST SUFFOLK,117498,303857.67,1958.3
Anxiolytics,NHS BLACKBURN WITH DARWEN,117222,448094.65,1953.7
Anxiolytics,NHS HALTON,117118,592219.44,1951.9666666666667
Anxiolytics,NHS EAST RIDING OF YORKSHIRE,114333,429907.89,1905.55
Anxiolytics,NHS WEST ESSEX,113074,329787.21,1884.5666666666666
Anxiolytics,NHS DONCASTER,112959,436203.77,1882.65
Anxiolytics,NHS NORTH TYNESIDE,112541,335103.7,1875.6833333333334
Anxiolytics,NHS NORTH CUMBRIA,110173,389860.71,1836.2166666666667
Anxiolytics,NHS HULL,109912,466006.68,1831.8666666666666
Anxiolytics,NHS TRAFFORD,109586,397405.16000000003,1826.4333333333334
Anxiolytics,NHS OLDHAM,105915,511682.24,1765.25
Anxiolytics,NHS PORTSMOUTH,105106,287850.46,1751.7666666666667
Anxiolytics,NHS SOUTHPORT AND FORMBY,100259,374160.48,1670.9833333333333
Anxiolytics,NHS SALFORD,98598,377967.18,1643.3
Anxiolytics,NHS BOLTON,98035,580213.4,1633.9166666666667
Anxiolytics,NHS SOUTH EAST STAFFORDSHIRE AND SEISDON PENINSULA,95936,451125.17,1598.9333333333334
Anxiolytics,NHS SOUTHEND,88751,215199.75,1479.1833333333334
Anxiolytics,NHS CALDERDALE,85327,276085.87,1422.1166666666666
Anxiolytics,NHS NORTH LINCOLNSHIRE,83915,332592.74,1398.5833333333333
Anxiolytics,NHS FYLDE AND WYRE,83122,319404.65,1385.3666666666666
Anxiolytics,NHS BASILDON AND BRENTWOOD,82474,229395.2,1374.5666666666666
Anxiolytics,NHS STAFFORD AND SURROUNDS,79052,334079.86,1317.5333333333333
Anxiolytics,"NHS HEYWOOD, MIDDLETON AND ROCHDALE",75881,327384.31,1264.6833333333334
Anxiolytics,NHS CHORLEY AND SOUTH RIBBLE,75310,425025.54,1255.1666666666667
Anxiolytics,NHS BLACKPOOL,73193,279917.45,1219.8833333333334
Anxiolytics,NHS GREATER PRESTON,71515,420015.42,1191.9166666666667
Anxiolytics,NHS VALE OF YORK,70562,287195.23,1176.0333333333333
Anxiolytics,NHS CANNOCK CHASE,69137,405647.28,1152.2833333333333
Anxiolytics,NHS CASTLE POINT AND ROCHFORD,62332,245529.32,1038.8666666666666
Anxiolytics,NHS EAST STAFFORDSHIRE,61676,280148.13,1027.9333333333334
Anxiolytics,NHS SOUTH TYNESIDE,61091,257110.28,1018.1833333333333
Anxiolytics,NHS NORTH EAST LINCOLNSHIRE,60818,267670.71,1013.6333333333333
Anxiolytics,NHS BURY,59232,287225.07,987.2
Anxiolytics,NHS WEST LANCASHIRE,57111,315839.7,951.85
Anxiolytics,NHS BASSETLAW,52043,132454.22,867.3833333333333
Anxiolytics,NHS THURROCK,30594,109227.52,509.9
Anxiolytics,NHS FRIMLEY,14174,38773.95,236.23333333333332
Anxiolytics,NHS MEDWAY,0,0.0,0.0
