OrgName,Mean_RTT_Access,Median_RTT_Access,Mean_RTT_Treatment,Median_RTT_Treatment
42ND STREET,184.8,184.8,236.23333333333335,244.4
WE ARE SURVIVORS (SALFORD),185.1,185.1,231.06,355.1
SIGN HEALTH (HQ),76.6,76.6,161.32,212.2
LGBT FOUNDATION,143.89999999999998,143.89999999999998,140.55,140.55
HEREFORDSHIRE AND WORCESTERSHIRE HEALTH AND CARE NHS TRUST,57.45,57.45,121.66,72.1
NHS HEREFORDSHIRE AND WORCESTERSHIRE INTEGRATED CARE BOARD,57.4,57.4,120.7,71.8
NHS EAST CHESHIRE TALKING THERAPIES,61.7,61.7,113.62,118.9
KINGSTON TALKING THERAPIES,50.25,50.25,105.43333333333334,100.25
VITA HEALTH GROUP: NEWCASTLE IAPT,29.15,29.15,102.42,116.3
EVERYTURN SERVICES LTD TALKING THERAPIES (PETERBOROUGH),48.05,48.05,96.94000000000001,123.9
NAVIGO HEALTH AND SOCIAL CARE CIC,58.400000000000006,58.400000000000006,95.96000000000001,86.6
MIND IN BARNET (NORTH FINCHLEY),67.2,67.2,94.43333333333334,82.4
LIVEWELL SOUTHWEST,45.85,45.85,94.19999999999999,84.15
"VITA HEALTH GROUP: VITAMINDS BRISTOL, NORTH SOMERSET & SOUTH GLOUCESTERSHIRE",26.25,26.25,90.44,127.7
"NHS BRISTOL, NORTH SOMERSET AND SOUTH GLOUCESTERSHIRE INTEGRATED CARE BOARD",26.299999999999997,26.299999999999997,90.38,127.2
MIND IN MID HERTS - HATFIELD ROAD,169.0,169.0,89.76666666666667,8.8
WARRINGTON PSYCHOLOGICAL SERVICE,66.95,66.95,88.64000000000001,92.4
MERTON IAPT,46.8,46.8,88.24000000000001,113.9
ALLIANCE PSYCHOLOGY SERVICES LTD,33.7,33.7,86.5,132.4
AVON AND WILTSHIRE MENTAL HEALTH PARTNERSHIP NHS TRUST,55.0,55.0,84.66,116.1
"NHS BATH AND NORTH EAST SOMERSET, SWINDON AND WILTSHIRE INTEGRATED CARE BOARD",54.900000000000006,54.900000000000006,84.58,116.1
BOOTHAM PARK HOSPITAL - ADMIN,31.549999999999997,31.549999999999997,82.22,89.1
MIND IN BEXLEY (HQ),64.05,64.05,80.48333333333333,88.55000000000001
WALLSEND HEALTH CENTRE,43.050000000000004,43.050000000000004,80.35000000000001,66.9
"NHS HEYWOOD, MIDDLETON AND ROCHDALE TALKING THERAPIES",72.9,72.9,79.92,80.3
SUTTON IAPT,47.25,47.25,78.34,101.5
VITA HEALTH GROUP: VITAMINDS WEST ESSEX,45.45,45.45,78.02000000000001,111.1
FAMILY REFUGEE SUPPORT PROJECT,104.2,104.2,76.36666666666666,34.4
HAMPSHIRE AND ISLE OF WIGHT HEALTHCARE NHS FOUNDATION TRUST,39.1,39.1,75.71666666666665,73.25
SOUTHWARK PSYCHOLOGICAL THERAPIES SERVICES (SOUTHWARK IAPT),34.75,34.75,74.38,97.6
SOMERSET NHS FOUNDATION TRUST,40.4,40.4,74.01666666666667,63.45
NHS SOMERSET INTEGRATED CARE BOARD,40.65,40.65,74.0,63.7
WHITTINGTON HEALTH NHS TRUST,52.65,52.65,73.58000000000001,101.2
TALKING MATTERS SEFTON,51.55,51.55,72.88,89.3
PENNINE CARE NHS FOUNDATION TRUST,53.25,53.25,72.34,93.6
HERTS MIND NETWORK (HEMEL HEMPSTEAD),77.8,77.8,69.5,69.5
NHS NORTHUMBERLAND TALKING THERAPIES,57.7,57.7,69.5,66.95
KENDRAY HOSPITAL,28.65,28.65,69.46666666666665,80.3
NHS ENFIELD TALKING THERAPIES,33.85,33.85,68.38,91.2
EVERYTURN SERVICES LTD - DERBYSHIRE,60.8,60.8,68.22,57.8
GADDUM CENTRE,49.800000000000004,49.800000000000004,67.125,55.95
GRANGE PARK CLINIC MONKMOUTH HOSPITAL SUNDERLAND LOCALITY,38.900000000000006,38.900000000000006,66.96000000000001,39.8
1829 BUILDING,37.2,37.2,66.0,55.3
LEEDS COMMUNITY HEALTHCARE NHS TRUST,36.85,36.85,65.2,89.9
SOUTH WEST COMMISSIONING REGION,37.7,37.7,64.89999999999999,74.25
CAMDEN IAPT,40.25,40.25,64.31666666666666,43.2
NHS CORNWALL AND THE ISLES OF SCILLY INTEGRATED CARE BOARD,42.1,42.1,64.18333333333334,71.25
CORNWALL PARTNERSHIP NHS FOUNDATION TRUST,42.1,42.1,64.14999999999999,71.19999999999999
NHS BARNET TALKING THERAPIES,30.5,30.5,61.58,52.9
NHS KENT AND MEDWAY TALKING THERAPIES: VITA HEALTH GROUP AND WE ARE WITH YOU,57.25,57.25,61.36,64.6
"NHS LEICESTER, LEICESTERSHIRE AND RUTLAND INTEGRATED CARE BOARD",28.450000000000003,28.450000000000003,61.32000000000001,82.8
VITAMINDS: LLR,28.35,28.35,61.2,82.4
NHS HAMPSHIRE AND ISLE OF WIGHT INTEGRATED CARE BOARD,34.65,34.65,61.06666666666667,63.25
NHS CHESHIRE AND MERSEYSIDE INTEGRATED CARE BOARD,38.55,38.55,60.133333333333326,57.25
WANDSWORTH IAPT,37.1,37.1,59.93333333333334,78.55
"NHS SHROPSHIRE, TELFORD AND WREKIN INTEGRATED CARE BOARD",39.1,39.1,59.85,64.4
ISLE OF WIGHT NHS TRUST,16.15,16.15,59.74000000000001,66.9
NHS WIRRAL TALKING THERAPIES,34.0,34.0,59.620000000000005,66.6
NORTHAMPTONSHIRE HEALTHCARE NHS FOUNDATION TRUST,35.9,35.9,59.56,44.6
VITA HEALTH GROUP: VITAMINDS DERBY,65.35,65.35,59.160000000000004,71.4
NHS NORTHAMPTONSHIRE INTEGRATED CARE BOARD,35.849999999999994,35.849999999999994,58.9,45.1
NHS KENT AND MEDWAY INTEGRATED CARE BOARD,57.150000000000006,57.150000000000006,58.06,64.8
ESSEX PARTNERSHIP UNIVERSITY NHS FOUNDATION TRUST,36.949999999999996,36.949999999999996,57.9,45.4
NHS DEVON INTEGRATED CARE BOARD,32.400000000000006,32.400000000000006,57.03333333333333,64.8
GREATER MANCHESTER MENTAL HEALTH NHS FOUNDATION TRUST,52.150000000000006,52.150000000000006,56.550000000000004,55.2
BROMLEY HEALTHCARE,41.3,41.3,56.17999999999999,72.8
NHS NORTH EAST AND NORTH CUMBRIA INTEGRATED CARE BOARD,36.65,36.65,56.06666666666666,55.1
NHS NORTH CENTRAL LONDON INTEGRATED CARE BOARD,44.3,44.3,55.63333333333333,55.650000000000006
NHS SOUTH WEST LONDON INTEGRATED CARE BOARD,33.25,33.25,54.98333333333333,66.5
DERBYSHIRE HEALTHCARE NHS FOUNDATION TRUST,35.05,35.05,54.94,67.4
"TAMESIDE, OLDHAM AND GLOSSOP MIND",32.9,32.9,54.9,54.9
MERSEY CARE NHS FOUNDATION TRUST,36.1,36.1,54.46666666666666,37.35
NORTH WEST COMMISSIONING REGION,41.4,41.4,54.01666666666667,52.3
NHS GREATER MANCHESTER INTEGRATED CARE BOARD,47.75,47.75,53.53333333333333,55.3
NHS GLOUCESTERSHIRE INTEGRATED CARE BOARD,46.0,46.0,53.339999999999996,74.6
HOMERTON HEALTHCARE NHS FOUNDATION TRUST,41.599999999999994,41.599999999999994,53.279999999999994,70.6
GLOUCESTERSHIRE HEALTH AND CARE NHS FOUNDATION TRUST,45.95,45.95,53.239999999999995,74.1
BERKSHIRE HEALTHCARE NHS FOUNDATION TRUST,33.150000000000006,33.150000000000006,52.800000000000004,50.650000000000006
LEA VALE MEDICAL GROUP (HQ),47.75,47.75,52.1,68.5
BIRMINGHAM AND SOLIHULL MENTAL HEALTH NHS FOUNDATION TRUST,28.75,28.75,51.6,41.7
TURNING POINT,35.4,35.4,51.54999999999999,56.55
NHS TALKING THERAPIES NOTTINGHAMSHIRE,35.4,35.4,51.160000000000004,67.2
NHS NOTTINGHAM AND NOTTINGHAMSHIRE INTEGRATED CARE BOARD,35.35,35.35,51.14,67.5
NHS CAMBRIDGESHIRE AND PETERBOROUGH INTEGRATED CARE BOARD,29.400000000000002,29.400000000000002,50.75,48.25
NHS SOUTH YORKSHIRE INTEGRATED CARE BOARD,24.75,24.75,50.333333333333336,56.6
NORTH EAST AND YORKSHIRE COMMISSIONING REGION,32.05,32.05,49.98333333333333,55.45
NHS LINCOLNSHIRE INTEGRATED CARE BOARD,37.75,37.75,49.92,56.9
LINCOLNSHIRE PARTNERSHIP NHS FOUNDATION TRUST,37.75,37.75,49.92,57.2
"TEES, ESK, WEAR VALLEY NHS TRUST (DURHAM)",47.400000000000006,47.400000000000006,49.86,61.6
NORTH EAST LONDON NHS FOUNDATION TRUST,35.65,35.65,49.38333333333333,51.3
NHS SOUTH EAST LONDON INTEGRATED CARE BOARD,39.4,39.4,49.18333333333334,54.8
DENTON HOUSE,38.9,38.9,49.1,66.8
NHS WEST YORKSHIRE INTEGRATED CARE BOARD,32.65,32.65,47.583333333333336,50.45
NHS DORSET INTEGRATED CARE BOARD,35.75,35.75,47.25,50.45
LEWISHAM PSYCHOLOGICAL THERAPIES SERVICE (LEWISHAM IAPT),52.9,52.9,47.25,44.199999999999996
DORSET HEALTHCARE UNIVERSITY NHS FOUNDATION TRUST,35.7,35.7,47.20000000000001,50.35
VITA HEALTH GROUP: VITAMINDS CALDERDALE,47.4,47.4,46.92,41.7
NHS HUMBER AND NORTH YORKSHIRE INTEGRATED CARE BOARD,30.85,30.85,46.62,52.0
BLACKPOOL TEACHING HOSPITALS NHS FOUNDATION TRUST,31.85,31.85,46.56,50.8
All,34.85,34.85,46.26666666666667,48.95
CONNECT HEALTH LIMITED,55.35,55.35,45.8,45.8
CENTRE FOR PSYCHOLOGY,21.45,21.45,45.02,63.0
NHS OXFORDSHIRE TALKING THERAPIES,23.1,23.1,44.82,41.4
MIDLANDS COMMISSIONING REGION,34.05,34.05,44.699999999999996,52.25
LANCASHIRE WOMEN (ELTT),51.400000000000006,51.400000000000006,44.62,23.9
MIDLANDS PARTNERSHIP UNIVERSITY NHS FOUNDATION TRUST,34.2,34.2,44.5,48.7
NHS HERTFORDSHIRE AND WEST ESSEX INTEGRATED CARE BOARD,36.7,36.7,44.449999999999996,46.4
HUMBER TEACHING NHS FOUNDATION TRUST,44.4,44.4,44.22,37.9
DEVON PARTNERSHIP NHS TRUST,28.95,28.95,44.14,41.2
"MIND IN THE CITY, HACKNEY AND WALTHAM FOREST",48.05,48.05,43.2,39.9
UNKNOWN,31.75,31.8,43.06,39.6
SOUTH EAST COMMISSIONING REGION,33.15,33.15,42.916666666666664,44.95
SUSSEX PARTNERSHIP NHS FOUNDATION TRUST,53.0,53.0,42.88333333333333,41.5
LONDON COMMISSIONING REGION,35.650000000000006,35.650000000000006,42.75,41.55
NHS SUFFOLK AND NORTH EAST ESSEX INTEGRATED CARE BOARD,35.0,35.0,42.18333333333333,42.7
PSYCHOLOGICAL THERAPIES SOUTHHAMPTON OFFICE,21.049999999999997,21.049999999999997,41.72,49.3
CAMBRIDGESHIRE AND PETERBOROUGH MENTAL HEALTH PARTNERSHIP TR HQ,25.85,25.85,41.68333333333333,43.5
NHS MID AND SOUTH ESSEX INTEGRATED CARE BOARD,31.4,31.4,41.449999999999996,40.0
LANCASHIRE & SOUTH CUMBRIA NHS FOUNDATION TRUST HQ,35.85,35.85,41.266666666666666,43.95
NHS NORFOLK AND WAVENEY INTEGRATED CARE BOARD,27.5,27.5,40.56666666666666,43.25
"NHS BUCKINGHAMSHIRE, OXFORDSHIRE AND BERKSHIRE WEST INTEGRATED CARE BOARD",21.65,21.65,40.46666666666666,36.65
NORTH LONDON NHS FOUNDATION TRUST,50.75,50.75,40.339999999999996,17.5
CAMBRIDGE AND PETERBOROUGH VOLUNTARY ORGANISATIONS,67.9,67.9,40.0,24.65
SHEFFIELD HEALTH & SOCIAL CARE NHS FOUNDATION TRUST,20.4,20.4,39.94,34.9
MIND IN ENFIELD,52.55,52.55,39.8,38.0
LAMBETH PSYCHOLOGICAL THERAPIES SERVICE (LAMBETH IAPT),30.15,30.15,39.8,42.5
ISLINGTON IAPT,40.45,40.45,39.8,32.7
NORFOLK AND SUFFOLK NHS FOUNDATION TRUST,30.299999999999997,30.299999999999997,39.6,39.1
NHS LANCASHIRE AND SOUTH CUMBRIA INTEGRATED CARE BOARD,36.4,36.4,39.35,40.75
EALING TALKING THERAPIES,36.9,36.9,39.199999999999996,48.05
NHS NORTH EAST LONDON INTEGRATED CARE BOARD,33.75,33.75,39.1,27.3
ICCS,39.4,39.4,39.083333333333336,35.95
EAST OF ENGLAND COMMISSIONING REGION,31.7,31.7,39.050000000000004,40.7
IAPT SERVICES,31.55,31.55,38.9,44.8
NHS FRIMLEY INTEGRATED CARE BOARD,29.150000000000002,29.150000000000002,38.733333333333334,39.099999999999994
THE COUNSELLING FOUNDATION HQ,61.25,61.25,38.53333333333333,9.8
CROYDON PSYCHOLOGICAL THERAPIES SERVICE (CROYDON IAPT),18.95,18.95,38.5,36.5
VITA HEALTH GROUP: VITA MINDS BASILDON & BRENTWOOD,25.799999999999997,25.799999999999997,38.36,37.5
FIELDHEAD HOSPITAL,23.55,23.55,38.260000000000005,49.2
COVENTRY AND WARWICKSHIRE PARTNERSHIP NHS TRUST,39.6,39.6,38.0,32.85
DUDLEY INTEGRATED HEALTH AND CARE NHS TRUST,24.7,24.7,37.949999999999996,41.4
NHS SUSSEX INTEGRATED CARE BOARD,43.5,43.5,37.81666666666666,35.55
HERTFORDSHIRE PARTNERSHIP FOUNDATION TRUST (TEKHNICON HOUSE),33.65,33.65,37.78,40.7
OXLEAS NHS FOUNDATION TRUST,37.0,37.0,37.56666666666667,39.2
NHS COVENTRY AND WARWICKSHIRE INTEGRATED CARE BOARD,39.35,39.35,37.53333333333333,31.0
NHS DERBY AND DERBYSHIRE INTEGRATED CARE BOARD,30.849999999999998,30.849999999999998,37.38,50.2
NHS BLACK COUNTRY INTEGRATED CARE BOARD,36.45,36.45,37.28333333333333,43.5
WAVERLEY ROAD,34.25,34.25,37.21666666666667,42.15
BLACK COUNTRY HEALTHCARE NHS FOUNDATION TRUST,36.85,36.85,36.03333333333333,40.25
SELF HELP SERVICES (MANCHESTER),28.8,28.8,35.96,31.1
NHS STAFFORDSHIRE AND STOKE-ON-TRENT INTEGRATED CARE BOARD,37.1,37.1,35.43333333333333,38.7
THE VILLAGE PRACTICE (THORNTON),51.3,51.3,35.08,39.6
1POINT (NORTH WEST),43.75,43.75,33.800000000000004,46.4
WESTMINSTER WELLBEING SERVICE,29.7,29.7,33.620000000000005,35.9
SOLENT NHS TRUST,32.4,32.4,33.260000000000005,38.3
NHS BUCKINGHAMSHIRE TALKING THERAPIES,12.149999999999999,12.149999999999999,33.050000000000004,26.700000000000003
TOWER HAMLETS TALKING THERAPIES,26.4,26.4,32.86,44.3
NHS BIRMINGHAM AND SOLIHULL INTEGRATED CARE BOARD,26.200000000000003,26.200000000000003,32.81666666666667,30.55
SUSSEX COMMUNITY NHS FOUNDATION TRUST,32.65,32.65,32.65,30.8
SOUTH TYNESIDE AND SUNDERLAND NHS FOUNDATION TRUST,20.85,20.85,32.5,44.9
ST JOHN'S HEALTH CENTRE,20.099999999999998,20.099999999999998,31.95,30.3
MIND MATTERS SURREY NHS,21.9,21.9,31.933333333333334,21.65
BEDFORDSHIRE TALKING THERAPIES,32.7,32.7,31.933333333333334,32.9
CITY HEALTH CARE PARTNERSHIP CIC,28.05,28.05,31.880000000000003,27.1
CAMERON HOUSE,,,31.560000000000002,20.6
HOUNSLOW TALKING THERAPIES,35.35,35.35,31.383333333333336,31.55
TALKPLUS,28.4,28.4,31.2,36.35
FIRST STEP IAPT,26.8,26.8,30.483333333333334,27.700000000000003
NHS NORTH WEST LONDON INTEGRATED CARE BOARD,29.95,29.95,30.349999999999998,30.0
"NHS BEDFORDSHIRE, LUTON AND MILTON KEYNES INTEGRATED CARE BOARD",30.2,30.2,30.266666666666666,22.4
THE BRIARY UNIT,18.8,18.8,30.119999999999997,32.4
TAKE TIME TO TALK,24.7,24.7,29.28,41.0
NHS SURREY HEARTLANDS INTEGRATED CARE BOARD,17.9,17.9,29.21666666666667,23.45
HAMMERSMITH & FULHAM TALKING THERAPIES,30.85,30.85,28.22,29.2
SELF HELP SERVICES (STOCKPORT),36.1,36.1,28.18,21.8
RENNIE GROVE PEACE HOSPICE CARE (PEACE HOSPICE - HQ),43.65,43.65,27.266666666666666,9.7
BEACON COUNSELLING,21.15,21.15,26.866666666666664,31.6
BRADFORD DISTRICT CARE NHS FOUNDATION TRUST,23.5,23.5,26.860000000000003,31.0
NEWHAM TALKING THERAPIES,29.65,29.65,26.266666666666666,22.6
WE ARE WITH YOU IN SURREY,22.0,22.0,26.080000000000002,34.3
NORTHWICK PARK HOSPITAL,22.0,22.0,25.183333333333334,19.5
MAKING SPACE,27.75,27.75,23.96,10.7
FREEFLOW COUNSELLING SERVICE,33.2,33.2,23.099999999999998,1.2
COMMUNITY BARNET,8.3,8.3,22.066666666666666,28.6
SIX DEGREES SOCIAL ENTERPRISE CIC,24.450000000000003,24.450000000000003,21.46666666666667,25.5
DORKING HEALTHCARE LIMITED (DHC),15.1,15.1,21.439999999999998,27.6
ROTHERHAM DONCASTER AND SOUTH HUMBER NHS FOUNDATION TRUST,26.549999999999997,26.549999999999997,20.833333333333332,18.4
MILL HOUSE,17.25,17.25,18.566666666666666,17.6
LIVING WELL CONSORTIUM (HERBERT ROAD),24.549999999999997,24.549999999999997,16.883333333333333,17.2
TRENT PTS,20.8,20.8,15.76,13.4
BMHC-FTB,19.8,19.8,15.5,17.2
BIKUR CHOLIM LTD,18.3,18.3,14.466666666666667,8.1
PURE INNOVATIONS LIMITED,22.85,22.85,14.199999999999998,18.9
AFRICAN AND CARIBBEAN MENTAL HEALTH SERVICES,19.55,19.55,10.6,8.1
SUNDERLAND MIND,16.299999999999997,16.299999999999997,10.6,10.3
DERMAN,15.85,15.85,8.1,7.85
IESO DIGITAL HEALTH,10.100000000000001,10.100000000000001,7.8,11.2
